n_epochs,final_train_loss,final_valid_loss,best_valid_loss,best_epoch
20,0.4904948333025287,0.9121387250422082,0.8229173665855363,14
50,0.17568079714589832,0.3985526893506453,0.3781889329255583,195
80,0.4248283030838738,0.7633396040446532,0.7435289141682494,27
120,0.4530515425957807,0.9368363002564992,0.7855416177646368,22
150,0.45764213615370597,0.9629908990824004,0.7730661581831368,28
200,0.18024144706257256,0.3707650059901236,0.36968068191294984,199
