n_epochs,final_train_loss,final_valid_loss,best_valid_loss,best_epoch
20,0.41417708265249353,0.6704670136165133,0.6385818990395443,43
50,0.42086325523191714,0.6078991574670791,0.5608965151547441,43
80,0.514508091944618,0.7859213825577364,0.7202977312665866,19
120,0.407991414930657,0.6265352406134764,0.5741703430620415,49
150,0.5606535808659155,0.7615040112184907,0.7462156696199044,14
200,0.5387888115096987,0.798522889861474,0.7626148368632697,14
