n_epochs,final_train_loss,final_valid_loss,best_valid_loss,best_epoch
20,0.8036392361966636,0.7717599790066149,0.7717599790066149,20
50,0.7249675007563513,0.6625023832008133,0.6625023832008133,50
80,0.6555253202517314,0.585663446546208,0.585663446546208,80
120,0.5882956419154558,0.4990423393011138,0.4936388307496121,114
150,0.6137158881877711,0.612816730685289,0.6002574248137148,146
200,0.5825974719567564,0.5413783398850237,0.5341378035544899,196
